{
	"info": {
		"_postman_id": "a93670bb-53c4-457f-af13-d7a6079be155",
		"name": "Rookie batch 6 - Nguyen Quynh Anh",
		"schema": "https://schema.getpostman.com/json/collection/v2.1.0/collection.json"
	},
	"item": [
		{
			"name": "01 - POST /challenges",
			"request": {
				"method": "POST",
				"header": [],
				"body": {
					"mode": "raw",
					"raw": ""
				},
				"url": {
					"raw": "{{url}}/challenger",
					"host": [
						"{{url}}"
					],
					"path": [
						"challenger"
					]
				}
			},
			"response": []
		},
		{
			"name": "02 - GET /challenges",
			"request": {
				"method": "GET",
				"header": [
					{
						"key": "X-CHALLENGER",
						"value": "c72f7425-df20-44c9-a85e-b547928ee490",
						"type": "text"
					}
				],
				"url": {
					"raw": "{{url}}/challenges",
					"host": [
						"{{url}}"
					],
					"path": [
						"challenges"
					]
				}
			},
			"response": []
		},
		{
			"name": "03 - GET /todos",
			"event": [
				{
					"listen": "test",
					"script": {
						"exec": [
							"var jsonData = JSON.parse(responseBody);",
							"pm.environment.set(\"id\", jsonData.todos[0].id);",
							"",
							"",
							"",
							""
						],
						"type": "text/javascript"
					}
				}
			],
			"request": {
				"method": "GET",
				"header": [],
				"url": {
					"raw": "{{url}}/todos",
					"host": [
						"{{url}}"
					],
					"path": [
						"todos"
					]
				}
			},
			"response": []
		},
		{
			"name": "04 -  GET /todo",
			"event": [
				{
					"listen": "test",
					"script": {
						"exec": [
							"pm.test('04 - GET /todos returns not found', function() {",
							"    pm.response.to.have.status(404)",
							"})"
						],
						"type": "text/javascript"
					}
				}
			],
			"request": {
				"method": "GET",
				"header": [],
				"url": {
					"raw": "{{url}}/todo",
					"host": [
						"{{url}}"
					],
					"path": [
						"todo"
					]
				}
			},
			"response": []
		},
		{
			"name": "05 -  GET /todos/{id}",
			"event": [
				{
					"listen": "test",
					"script": {
						"exec": [
							"pm.test('05 - GET /todos/{id} should return a specific todo if the todo is exist', function() {",
							"\tvar response = JSON.parse(responseBody);",
							"\tpm.expect(pm.environment.get('id')).to.eq(response.todos[0].id)",
							"})",
							"",
							"pm.test('05 - GET /todos/{id} returns to an existed specific todo', function() {",
							"    pm.response.to.have.status(200)",
							"})"
						],
						"type": "text/javascript"
					}
				}
			],
			"request": {
				"method": "GET",
				"header": [],
				"url": {
					"raw": "{{url}}/todos/{{id}}",
					"host": [
						"{{url}}"
					],
					"path": [
						"todos",
						"{{id}}"
					]
				}
			},
			"response": []
		},
		{
			"name": "06 -  GET /todos/{id} not found",
			"event": [
				{
					"listen": "test",
					"script": {
						"exec": [
							"pm.test('06 - GET /todos/{id} returns to a not existed todo', function() {",
							"    pm.response.to.have.status(404)",
							"})"
						],
						"type": "text/javascript"
					}
				}
			],
			"request": {
				"method": "GET",
				"header": [],
				"url": {
					"raw": "{{url}}/todos/012",
					"host": [
						"{{url}}"
					],
					"path": [
						"todos",
						"012"
					]
				}
			},
			"response": []
		},
		{
			"name": "07 -  HEAD /todos",
			"event": [
				{
					"listen": "test",
					"script": {
						"exec": [
							"pm.test('07 - HEAD /todos returns ok', function() {",
							"    pm.response.to.have.status(200)",
							"})"
						],
						"type": "text/javascript"
					}
				}
			],
			"protocolProfileBehavior": {
				"disableBodyPruning": true
			},
			"request": {
				"method": "HEAD",
				"header": [],
				"body": {
					"mode": "raw",
					"raw": ""
				},
				"url": {
					"raw": "{{url}}/todos",
					"host": [
						"{{url}}"
					],
					"path": [
						"todos"
					]
				}
			},
			"response": []
		},
		{
			"name": "08 -  POST /todos",
			"event": [
				{
					"listen": "test",
					"script": {
						"exec": [
							"pm.test('08 - POST /todos should return a created todo', function() {",
							"\tvar response = JSON.parse(responseBody);",
							"\tpm.expect('Queeenie').to.eq(response.title)",
							"})",
							"",
							"pm.test('08 - POST /todos should return 201', function() {",
							"    pm.response.to.have.status(201)",
							"})"
						],
						"type": "text/javascript"
					}
				}
			],
			"request": {
				"method": "POST",
				"header": [],
				"body": {
					"mode": "raw",
					"raw": "{\n    \"title\": \"Queeenie\",\n    \"doneStatus\": true,\n    \"description\": \"xinh gai\"\n}",
					"options": {
						"raw": {
							"language": "json"
						}
					}
				},
				"url": {
					"raw": "{{url}}/todos",
					"host": [
						"{{url}}"
					],
					"path": [
						"todos"
					]
				}
			},
			"response": []
		},
		{
			"name": "09 -  GET /todos ? filter",
			"event": [
				{
					"listen": "test",
					"script": {
						"exec": [
							"pm.test('09 - GET /todos should return list todos done', function() {",
							"\tvar response = JSON.parse(responseBody);",
							"\tpm.expect(true).to.eq(response.todos[0].doneStatus)",
							"})",
							"",
							"pm.test('09 - GET /todos should return 200', function() {",
							"    pm.response.to.have.status(200)",
							"})"
						],
						"type": "text/javascript"
					}
				}
			],
			"protocolProfileBehavior": {
				"disableBodyPruning": true
			},
			"request": {
				"method": "GET",
				"header": [],
				"body": {
					"mode": "raw",
					"raw": "",
					"options": {
						"raw": {
							"language": "json"
						}
					}
				},
				"url": {
					"raw": "{{url}}/todos?doneStatus=true",
					"host": [
						"{{url}}"
					],
					"path": [
						"todos"
					],
					"query": [
						{
							"key": "doneStatus",
							"value": "true"
						}
					]
				}
			},
			"response": []
		},
		{
			"name": "10 -  POST /todos doneStatus",
			"event": [
				{
					"listen": "test",
					"script": {
						"exec": [
							"pm.test('10 - POST /todos should return error message', function() {",
							"\tvar response = JSON.parse(responseBody);",
							"\tpm.expect('Failed Validation: doneStatus should be BOOLEAN').to.eq(response.errorMessages[0])",
							"})",
							"",
							"pm.test('10 - POST /todos should return 400', function() {",
							"    pm.response.to.have.status(400)",
							"})"
						],
						"type": "text/javascript"
					}
				}
			],
			"request": {
				"method": "POST",
				"header": [],
				"body": {
					"mode": "raw",
					"raw": "{\n    \"title\": \"Queeenie\",\n    \"doneStatus\": 1234,\n    \"description\": \"xinh gai\"\n}",
					"options": {
						"raw": {
							"language": "json"
						}
					}
				},
				"url": {
					"raw": "{{url}}/todos",
					"host": [
						"{{url}}"
					],
					"path": [
						"todos"
					]
				}
			},
			"response": []
		},
		{
			"name": "11 -  POST /todos/{{id}}",
			"event": [
				{
					"listen": "test",
					"script": {
						"exec": [
							"pm.test('11 - POST /todos should update new title for the selected todo', function() {",
							"\tvar response = JSON.parse(responseBody);",
							"\tpm.expect('Queenie').to.eq(response.title)",
							"})",
							"",
							"pm.test('11 - POST /todos should return 200', function() {",
							"    pm.response.to.have.status(200)",
							"})"
						],
						"type": "text/javascript"
					}
				}
			],
			"request": {
				"method": "POST",
				"header": [],
				"body": {
					"mode": "raw",
					"raw": "{\n    \"title\": \"Queenie\",\n    \"doneStatus\": false,\n    \"description\": \"xinh gai\"\n}",
					"options": {
						"raw": {
							"language": "json"
						}
					}
				},
				"url": {
					"raw": "{{url}}/todos/{{id}}",
					"host": [
						"{{url}}"
					],
					"path": [
						"todos",
						"{{id}}"
					]
				}
			},
			"response": []
		},
		{
			"name": "12 -  DELETE /todos/{id}",
			"event": [
				{
					"listen": "test",
					"script": {
						"exec": [
							"pm.test('12 - DELETE /todos should return 200', function() {",
							"    pm.response.to.have.status(200)",
							"})"
						],
						"type": "text/javascript"
					}
				}
			],
			"request": {
				"method": "DELETE",
				"header": [],
				"body": {
					"mode": "raw",
					"raw": "",
					"options": {
						"raw": {
							"language": "json"
						}
					}
				},
				"url": {
					"raw": "{{url}}/todos/{{id}}",
					"host": [
						"{{url}}"
					],
					"path": [
						"todos",
						"{{id}}"
					]
				}
			},
			"response": []
		},
		{
			"name": "13 -  OPTIONS /todos",
			"event": [
				{
					"listen": "test",
					"script": {
						"exec": [
							"pm.test('13 - OPTION /todos should return 200', function() {",
							"    pm.response.to.have.status(200)",
							"})"
						],
						"type": "text/javascript"
					}
				}
			],
			"request": {
				"method": "OPTIONS",
				"header": [],
				"body": {
					"mode": "raw",
					"raw": "",
					"options": {
						"raw": {
							"language": "json"
						}
					}
				},
				"url": {
					"raw": "{{url}}/todos",
					"host": [
						"{{url}}"
					],
					"path": [
						"todos"
					]
				}
			},
			"response": []
		},
		{
			"name": "14 -  GET /todos XML",
			"protocolProfileBehavior": {
				"disableBodyPruning": true
			},
			"request": {
				"method": "GET",
				"header": [
					{
						"key": "Accept",
						"value": "application/xml",
						"type": "text"
					}
				],
				"body": {
					"mode": "raw",
					"raw": "",
					"options": {
						"raw": {
							"language": "xml"
						}
					}
				},
				"url": {
					"raw": "{{url}}/todos",
					"host": [
						"{{url}}"
					],
					"path": [
						"todos"
					],
					"query": [
						{
							"key": "doneStatus",
							"value": "true",
							"disabled": true
						}
					]
				}
			},
			"response": []
		},
		{
			"name": "15 -  GET /todos JSON",
			"protocolProfileBehavior": {
				"disableBodyPruning": true
			},
			"request": {
				"method": "GET",
				"header": [
					{
						"key": "Accept",
						"value": "application/json",
						"type": "text"
					}
				],
				"body": {
					"mode": "raw",
					"raw": "",
					"options": {
						"raw": {
							"language": "xml"
						}
					}
				},
				"url": {
					"raw": "{{url}}/todos",
					"host": [
						"{{url}}"
					],
					"path": [
						"todos"
					],
					"query": [
						{
							"key": "doneStatus",
							"value": "true",
							"disabled": true
						}
					]
				}
			},
			"response": []
		}
	],
	"variable": [
		{
			"key": "url",
			"value": "https://apichallenges.herokuapp.com/"
		}
	]
}